<?xml version="1.0"?>
<Actions>
	<Action id="mylink.move.up.1" deviceFilter="self.motor">
		<Name>MyLink: Move Up</Name>
		<CallbackMethod>myLinkCmdSingle</CallbackMethod>
	</Action>
	<Action id="mylink.move.down.1" deviceFilter="self.motor">
		<Name>MyLink: Move Down</Name>
		<CallbackMethod>myLinkCmdSingle</CallbackMethod>
	</Action>
	
	<Action id="sep1" />

	<Action id="mylink.move.up.2" deviceFilter="self.motor">
		<Name>MyLink: Retract</Name>
		<CallbackMethod>myLinkCmdSingle</CallbackMethod>
	</Action>
	<Action id="mylink.move.down.2" deviceFilter="self.motor">
		<Name>MyLink: Extend</Name>
		<CallbackMethod>myLinkCmdSingle</CallbackMethod>
	</Action>
	
	<Action id="sep2" />

	<Action id="mylink.move.stop" deviceFilter="self.motor">
		<Name>MyLink: Stop</Name>
		<CallbackMethod>myLinkCmdSingle</CallbackMethod>
	</Action>
	
	<Action id="sep3" />

	<Action id="mylink.status.ping" deviceFilter="self">
		<Name>MyLink: Ping</Name>
		<CallbackMethod>myLinkCmdSingle</CallbackMethod>
	</Action>

	<Action id="mylink.status.info" deviceFilter="self">
		<Name>MyLink: Info</Name>
		<CallbackMethod>myLinkCmdSingle</CallbackMethod>
	</Action>

	<Action id="mylink.scene.list" deviceFilter="self.mylink">
		<Name>MyLink: Get Scenes</Name>
		<CallbackMethod>myLinkCmdSingle</CallbackMethod>
	</Action>

		<Action id="mylink.scene.run" deviceFilter="self.mylink">
		<Name>MyLink: Run Scene</Name>
		<ConfigUI>
			<Field type="textfield" id="sceneID">
				<Label>Scene ID:</Label>
			</Field>
		</ConfigUI>
		<CallbackMethod>myLinkCmdSingle</CallbackMethod>
	</Action>

	<Action id="read">
		<Name>MyLink: Read</Name>
		<CallbackMethod>myLinkRead</CallbackMethod>
	</Action>

</Actions>
